customer_name,repository,url,default_branch,repo_score,package_version,is_root,count,Region,source
1097883937650253824,lab-gav,https://gitlab.com/primarybid/data-science/lab-gav,master,,1.31.0,1,1,EMEA,bc-app-uk-eu-west-2 -> eu-west-2
866714624925825024,aa_utils,https://bitbucket.org/economical/aa_utils,master,,1.34.0,1,1,NAM,bc-app-ca-ca-central-1 -> ca-central-1
866714624925825024,aa_utils,https://bitbucket.org/economical/aa_utils,master,,1.38.1,1,1,NAM,bc-app-ca-ca-central-1 -> ca-central-1
866714624925825024,ab_complex_claims,https://bitbucket.org/economical/ab_complex_claims,master,,1.34.0,1,1,NAM,bc-app-ca-ca-central-1 -> ca-central-1
866714624925825024,doc-ai,https://bitbucket.org/economical/doc-ai,master,,1.44.0,1,1,NAM,bc-app-ca-ca-central-1 -> ca-central-1
866714624925825024,idp_intake_automation,https://bitbucket.org/economical/idp_intake_automation,master,,1.13.1,1,1,NAM,bc-app-ca-ca-central-1 -> ca-central-1
866714624925825024,lighthouse_r2.4,https://bitbucket.org/economical/lighthouse_r2.4,develop,,1.20.0,1,1,NAM,bc-app-ca-ca-central-1 -> ca-central-1
866714624925825024,lighthouse_r2.4,https://bitbucket.org/economical/lighthouse_r2.4,develop,,1.31.0,1,1,NAM,bc-app-ca-ca-central-1 -> ca-central-1
866714624925825024,lighthouse_r2.4,https://bitbucket.org/economical/lighthouse_r2.4,develop,,1.34.0,1,1,NAM,bc-app-ca-ca-central-1 -> ca-central-1
866714624925825024,ms-os-summarization,https://bitbucket.org/economical/ms-os-summarization,master,,1.25.0,1,1,NAM,bc-app-ca-ca-central-1 -> ca-central-1
807098505364562944,rb-image-intelligence-platform,https://github.com/rb-na-emu/rb-image-intelligence-platform,master,5,1.68.0,1,1,EMEA,bc-app2-eu-eu-west-1 -> eu-west-1
807098505364562944,rbna-ai-api-engine,https://github.com/rb-na-emu/rbna-ai-api-engine,master,5,1.68.0,1,1,EMEA,bc-app2-eu-eu-west-1 -> eu-west-1
807098505364562944,rbna-customer360-service,https://github.com/rb-na-emu/rbna-customer360-service,master,6,,1,1,EMEA,bc-app2-eu-eu-west-1 -> eu-west-1
807098505364562944,rbna-customer360-service,https://github.com/rb-na-emu/rbna-customer360-service,master,6,1.28.0,1,1,EMEA,bc-app2-eu-eu-west-1 -> eu-west-1
807098505364562944,rbna-customer360-service,https://github.com/rb-na-emu/rbna-customer360-service,master,6,1.52.0,1,1,EMEA,bc-app2-eu-eu-west-1 -> eu-west-1
807098505364562944,sku-auth_api,https://github.com/rb-na-emu/sku-auth_api,master,6,,1,1,EMEA,bc-app2-eu-eu-west-1 -> eu-west-1
807098621488063488,chat-palm2-labtech,https://gitportoprd.portoseguro.brasil/cloud_devops/cbo/labtech/chat-palm2-labtech,master,,1.56.0,1,1,EMEA,bc-app2-eu-eu-west-1 -> eu-west-1
807098621488063488,embeddings-openai-labtech,https://gitportoprd.portoseguro.brasil/cloud_devops/cbo/labtech/embeddings-openai-labtech,master,,1.56.0,1,1,EMEA,bc-app2-eu-eu-west-1 -> eu-west-1
807098621488063488,embeddings-palm2-labtech,https://gitportoprd.portoseguro.brasil/cloud_devops/cbo/labtech/embeddings-palm2-labtech,master,,1.56.0,1,1,EMEA,bc-app2-eu-eu-west-1 -> eu-west-1
807098621488063488,gen-ai-vehicle-attributes,https://gitportoprd.portoseguro.brasil/ciencia-dados/generative-ai/gen-ai-vehicle-attributes,master,,1.40.0,1,1,EMEA,bc-app2-eu-eu-west-1 -> eu-west-1
807098621488063488,laboratorio-tech-gen-ia,https://gitportoprd.portoseguro.brasil/cloud_devops/cbo/laboratorio-tech-gen-ia,master,,1.56.0,1,1,EMEA,bc-app2-eu-eu-west-1 -> eu-west-1
807098621488063488,python-corp-gnia-adapter-llm,https://gitportoprd.portoseguro.brasil/plataforma_devops/corp/gnia/python-corp-gnia-adapter-llm,master,5,1.48.0,1,1,EMEA,bc-app2-eu-eu-west-1 -> eu-west-1
807098685883212800,dna-ml-ops,https://dev.azure.com/euilimited/DnA/_git/dna-ml-ops,master,,1.40.0,1,1,EMEA,bc-app2-eu-eu-west-1 -> eu-west-1
807098685883212800,dna-ml-ops,https://dev.azure.com/euilimited/DnA/_git/dna-ml-ops,master,,1.9.0,1,1,EMEA,bc-app2-eu-eu-west-1 -> eu-west-1
807098685883212800,dna-ml-ops,,refs/heads/tg-wrapper-fix-v2,,1.40.0,1,1,EMEA,bc-app2-eu-eu-west-1 -> eu-west-1
807098685883212800,dna-ml-ops,,refs/heads/tg-wrapper-fix-v2,,1.9.0,1,1,EMEA,bc-app2-eu-eu-west-1 -> eu-west-1
807098685883212800,dna-PythonBDDTemplate,https://dev.azure.com/euilimited/DnA/_git/dna-PythonBDDTemplate,master,,1.6.0,1,1,EMEA,bc-app2-eu-eu-west-1 -> eu-west-1
807098685883212800,ml-ops-level-one-pipeline-poc,https://dev.azure.com/euilimited/DnA/_git/ml-ops-level-one-pipeline-poc,master,,1.9.0,1,1,EMEA,bc-app2-eu-eu-west-1 -> eu-west-1
1212676580255564800,abakus-kubeflow-pipelines,https://github.com/volvo-cars/abakus-kubeflow-pipelines,abakus-2.0.5,6,0.7.1,1,1,EMEA,bc-app-eu-eu-central-1 -> eu-central-1
806755668572857344,airflow,https://gitlab.trendyol.com/data/data-platform/realtime-jfy/airflow,main,,1.22.0,1,1,EMEA,bc-app-eu-eu-central-1 -> eu-central-1
806755668572857344,airflow,https://gitlab.trendyol.com/discovery/reco-personalization/infrastructure/airflow,main,,1.22.0,1,1,EMEA,bc-app-eu-eu-central-1 -> eu-central-1
806755668572857344,airflow-yaml-parser,https://gitlab.trendyol.com/discovery/reco-personalization/infrastructure/airflow-yaml-parser,master,,1.16.1,1,1,EMEA,bc-app-eu-eu-central-1 -> eu-central-1
806755668572857344,dataops,https://gitlab.trendyol.com/data/data-platform/google-cloud-platform/dataops,master,,1.16.1,1,1,EMEA,bc-app-eu-eu-central-1 -> eu-central-1
806755668572857344,dataplatform,https://gitlab.trendyol.com/discovery/search-performance/dataplatform,main,,1.16.1,1,1,EMEA,bc-app-eu-eu-central-1 -> eu-central-1
806755668572857344,go_couriers_comment_classification,https://gitlab.trendyol.com/data/data-science/nlp-team/go_couriers_comment_classification,master,,1.35.0,1,1,EMEA,bc-app-eu-eu-central-1 -> eu-central-1
806755668572857344,image-classifier,https://gitlab.trendyol.com/dolap/moderation/image-classifier,master,,1.12.1,1,1,EMEA,bc-app-eu-eu-central-1 -> eu-central-1
806755668572857344,llm-benchmark,https://gitlab.trendyol.com/data/data-science/nlp-team/llm/llm-benchmark,master,,,1,1,EMEA,bc-app-eu-eu-central-1 -> eu-central-1
806755668572857344,product_tagging,https://gitlab.trendyol.com/data/data-science/nlp-team/product_tagging,master,,1.35.0,1,1,EMEA,bc-app-eu-eu-central-1 -> eu-central-1
806755668572857344,review_topic_classification,https://gitlab.trendyol.com/data/data-science/nlp-team/review_topic_classification,master,,1.35.0,1,1,EMEA,bc-app-eu-eu-central-1 -> eu-central-1
806755668572857344,slack-service,https://gitlab.trendyol.com/data/ml-platform/user-services/slack-service,main,,1.20.0,1,1,EMEA,bc-app-eu-eu-central-1 -> eu-central-1
806755668572857344,yaml-parser,https://gitlab.trendyol.com/data/data-platform/google-cloud-platform/apps/airflow/yaml-parser,master,,1.16.1,1,1,EMEA,bc-app-eu-eu-central-1 -> eu-central-1
1173681950280764416,airflow-config,https://github.com/missionlane/airflow-config,main,7,1.16.1,1,1,NAM,bc-app-us-east-1 -> us-east-1
1173681950280764416,enterprise-decisioning-config,https://github.com/missionlane/enterprise-decisioning-config,main,7,1.11.0,1,1,NAM,bc-app-us-east-1 -> us-east-1
1206605293342240768,mambo,https://bitbucket.org/toryburchdigitalsterling/mambo,master,4,1.32.0,1,1,NAM,bc-app-us-east-1 -> us-east-1
1219831433707934720,bi-inventory,https://github.com/guestyorg/bi-inventory,master,6,1.49.0,1,1,NAM,bc-app-us-east-1 -> us-east-1
1219831433707934720,bi-vertex-dev,https://github.com/guestyorg/bi-vertex-dev,master,6,1.49.0,1,1,NAM,bc-app-us-east-1 -> us-east-1
1219831433707934720,yp_forecast_app,https://github.com/guestyorg/yp_forecast_app,master,6,1.49.0,1,1,NAM,bc-app-us-east-1 -> us-east-1
1264871352364802048,data-platform-germany-workflows,https://github.com/umg/data-platform-germany-workflows,main,9,1.35.0,1,1,NAM,bc-app-us-east-1 -> us-east-1
1264871352364802048,datateam-gcp-fan-platform-persostack,https://github.com/umg/datateam-gcp-fan-platform-persostack,develop,8,1.14.0,1,1,NAM,bc-app-us-east-1 -> us-east-1
1264871352364802048,datateam-gcp-fan-platform-persostack-ml,https://github.com/umg/datateam-gcp-fan-platform-persostack-ml,develop,8,1.14.0,1,1,NAM,bc-app-us-east-1 -> us-east-1
1264871352364802048,maml-airflow,https://github.com/umg/maml-airflow,main,8,1.16.1,1,1,NAM,bc-app-us-east-1 -> us-east-1
1264871352364802048,observation-deck,https://github.com/umg/observation-deck,main,7,1.36.0,1,1,NAM,bc-app-us-east-1 -> us-east-1
807152277789208576,nlr,,master,,1.35.0,1,1,NAM,bc-app-us-east-1 -> us-east-1
807152277789208576,ocr-supplier-matching-service,,master,,1.29.0,1,1,NAM,bc-app-us-east-1 -> us-east-1
807152297024286720,aou-data-lake,https://github.com/all-of-us/aou-data-lake,main,8,1.35.0,1,1,NAM,bc-app-us-east-1 -> us-east-1
1006985487422487552,cooler-airflow,https://gitlab.com/yeti-coolers/dev/python/cooler-airflow,master,5,1.36.4,1,1,NAM,bc-app4-us-west-1 -> us-west-1
1006985487422487552,cooler-airflow,https://gitlab.com/yeti-coolers/prod/python/cooler-airflow,master,5,1.36.4,1,1,NAM,bc-app4-us-west-1 -> us-west-1
1006985487422487552,gke-composer-edw,https://gitlab.com/yeti-coolers/dev/terraform/gke-composer-edw,master,6,1.36.4,1,1,NAM,bc-app4-us-west-1 -> us-west-1
1006985487422487552,gke-composer-edw,https://gitlab.com/yeti-coolers/prod/terraform/gke-composer-edw,master,6,1.36.4,1,1,NAM,bc-app4-us-west-1 -> us-west-1
1023009925787969536,ABCBrasil.GCP.CLOUD_FUNCTIONS,https://dev.azure.com/abcbrasil/DataEngineer/_git/ABCBrasil.GCP.CLOUD_FUNCTIONS,main,,1.36.1,1,1,NAM,bc-app4-us-west-1 -> us-west-1
1023009925787969536,ABC.Lab.Cognitive.Horus,https://dev.azure.com/abcbrasil/Venture-Builder/_git/ABC.Lab.Cognitive.Horus,main,6,1.25.0,1,1,NAM,bc-app4-us-west-1 -> us-west-1
1023009925787969536,kfp_models,https://dev.azure.com/abcbrasil/Advanced%20Analytics/_git/kfp_models,main,5,1.23.0,1,1,NAM,bc-app4-us-west-1 -> us-west-1
1043971429655795712,adhoc-scripts,https://github.com/hmhn-org/adhoc-scripts,main,8,1.63.0,1,1,NAM,bc-app4-us-west-1 -> us-west-1
1043971429655795712,clinical-note-summarization,https://github.com/hmhn-org/clinical-note-summarization,main,8,1.61.0,1,1,NAM,bc-app4-us-west-1 -> us-west-1
1043971429655795712,ekam-portal,https://github.com/hmhn-org/ekam-portal,main,8,,1,1,NAM,bc-app4-us-west-1 -> us-west-1
1043971429655795712,ekam-portal,https://github.com/hmhn-org/ekam-portal,main,8,1.34.0,1,1,NAM,bc-app4-us-west-1 -> us-west-1
1043971429655795712,ekam-portal,https://github.com/hmhn-org/ekam-portal,main,8,1.35.0,1,1,NAM,bc-app4-us-west-1 -> us-west-1
1043971429655795712,ekam-portal,https://github.com/hmhn-org/ekam-portal,main,8,1.36.4,1,1,NAM,bc-app4-us-west-1 -> us-west-1
1043971429655795712,ekam-portal,https://github.com/hmhn-org/ekam-portal,main,8,1.44.0,1,1,NAM,bc-app4-us-west-1 -> us-west-1
1043971429655795712,ekam-portal,https://github.com/hmhn-org/ekam-portal,main,8,1.46.0,1,1,NAM,bc-app4-us-west-1 -> us-west-1
1043971429655795712,ekam-portal,https://github.com/hmhn-org/ekam-portal,main,8,1.47.0,1,1,NAM,bc-app4-us-west-1 -> us-west-1
1043971429655795712,ekam-portal,https://github.com/hmhn-org/ekam-portal,main,8,1.48.0,1,1,NAM,bc-app4-us-west-1 -> us-west-1
1043971429655795712,ekam-portal,https://github.com/hmhn-org/ekam-portal,main,8,1.49.0,1,1,NAM,bc-app4-us-west-1 -> us-west-1
1043971429655795712,ekam-portal,https://github.com/hmhn-org/ekam-portal,main,8,1.50.0,1,1,NAM,bc-app4-us-west-1 -> us-west-1
1043971429655795712,ekam-portal,https://github.com/hmhn-org/ekam-portal,main,8,1.51.0,1,1,NAM,bc-app4-us-west-1 -> us-west-1
1043971429655795712,ekam-portal,https://github.com/hmhn-org/ekam-portal,main,8,1.52.0,1,1,NAM,bc-app4-us-west-1 -> us-west-1
1043971429655795712,ekam-portal,https://github.com/hmhn-org/ekam-portal,main,8,1.54.1,1,1,NAM,bc-app4-us-west-1 -> us-west-1
1043971429655795712,ekam-portal,https://github.com/hmhn-org/ekam-portal,main,8,1.56.0,1,1,NAM,bc-app4-us-west-1 -> us-west-1
1043971429655795712,ekam-portal,https://github.com/hmhn-org/ekam-portal,main,8,1.57.0,1,1,NAM,bc-app4-us-west-1 -> us-west-1
1043971429655795712,ekam-portal,https://github.com/hmhn-org/ekam-portal,main,8,1.58.0,1,1,NAM,bc-app4-us-west-1 -> us-west-1
1043971429655795712,ekam-portal,https://github.com/hmhn-org/ekam-portal,main,8,1.59.0,1,1,NAM,bc-app4-us-west-1 -> us-west-1
1043971429655795712,ekam-portal,https://github.com/hmhn-org/ekam-portal,main,8,1.64.0,1,1,NAM,bc-app4-us-west-1 -> us-west-1
1043971429655795712,ekam-portal,https://github.com/hmhn-org/ekam-portal,main,8,1.66.0,1,1,NAM,bc-app4-us-west-1 -> us-west-1
1043971429655795712,ekam-portal,https://github.com/hmhn-org/ekam-portal,main,8,1.68.0,1,1,NAM,bc-app4-us-west-1 -> us-west-1
1043971429655795712,hmh-cyber-cloudsec,https://github.com/hmhn-org/hmh-cyber-cloudsec,main,7,1.61.0,1,1,NAM,bc-app4-us-west-1 -> us-west-1
1043971429655795712,hmh-palliativecare,https://github.com/hmhn-org/hmh-palliativecare,main,8,1.18.0,1,1,NAM,bc-app4-us-west-1 -> us-west-1
1043971429655795712,hmh-palliativecare,https://github.com/hmhn-org/hmh-palliativecare,main,8,1.24.1,1,1,NAM,bc-app4-us-west-1 -> us-west-1
1043971429655795712,hmh-scholar,https://github.com/hmhn-org/hmh-scholar,main,8,1.42.1,1,1,NAM,bc-app4-us-west-1 -> us-west-1
1043971429655795712,hmh-scholar,https://github.com/hmhn-org/hmh-scholar,main,8,1.58.0,1,1,NAM,bc-app4-us-west-1 -> us-west-1
1043971429655795712,hmh-scholar,https://github.com/hmhn-org/hmh-scholar,main,8,1.59.0,1,1,NAM,bc-app4-us-west-1 -> us-west-1
1043971429655795712,hmh-scholar,https://github.com/hmhn-org/hmh-scholar,main,8,1.68.0,1,1,NAM,bc-app4-us-west-1 -> us-west-1
1043971429655795712,looker-explorer-assistant,https://github.com/hmhn-org/looker-explorer-assistant,main,8,1.59.0,1,1,NAM,bc-app4-us-west-1 -> us-west-1
1043971429655795712,looker-explorer-assistant,https://github.com/hmhn-org/looker-explorer-assistant,main,8,1.68.0,1,1,NAM,bc-app4-us-west-1 -> us-west-1
1043971429655795712,nlp-note-explorer,https://github.com/hmhn-org/nlp-note-explorer,main,8,1.18.0,1,1,NAM,bc-app4-us-west-1 -> us-west-1
1043971429655795712,nlp-note-explorer,https://github.com/hmhn-org/nlp-note-explorer,main,8,1.54.1,1,1,NAM,bc-app4-us-west-1 -> us-west-1
1043971429655795712,nlp-note-explorer,https://github.com/hmhn-org/nlp-note-explorer,main,8,1.67.1,1,1,NAM,bc-app4-us-west-1 -> us-west-1
1043971429655795712,predictive-health-shared,https://github.com/hmhn-org/predictive-health-shared,main,8,1.41.0,1,1,NAM,bc-app4-us-west-1 -> us-west-1
1043971429655795712,predictive-health-shared,https://github.com/hmhn-org/predictive-health-shared,main,8,1.46.0,1,1,NAM,bc-app4-us-west-1 -> us-west-1
1043971429655795712,predictive-health-shared,https://github.com/hmhn-org/predictive-health-shared,main,8,1.56.0,1,1,NAM,bc-app4-us-west-1 -> us-west-1
1043971429655795712,predictive-health-shared,https://github.com/hmhn-org/predictive-health-shared,main,8,1.61.0,1,1,NAM,bc-app4-us-west-1 -> us-west-1
1080920454594168832,inkml,https://github.com/coherentpath/inkml,main,8,1.26.1,1,1,NAM,bc-app4-us-west-1 -> us-west-1
1091390297982265344,errands,https://github.com/getathelas/errands,develop,7,1.43.0,1,1,NAM,bc-app4-us-west-1 -> us-west-1
1091390297982265344,normandy,https://github.com/getathelas/normandy,develop,7,1.46.0,1,1,NAM,bc-app4-us-west-1 -> us-west-1
806841106491037696,ai-model,https://github.com/PEXA-AU/ai-model,main,,1.47.0,1,1,JAPAC,bc-app-anz-ap-southeast-2 -> ap-southeast-2
806841106491037696,ai-model,https://github.com/PEXA-AU/ai-model,main,,1.57.0,1,1,JAPAC,bc-app-anz-ap-southeast-2 -> ap-southeast-2
806841106491037696,ai-model,,main,,1.47.0,1,1,JAPAC,bc-app-anz-ap-southeast-2 -> ap-southeast-2
806841106491037696,ai-model,,main,,1.57.0,1,1,JAPAC,bc-app-anz-ap-southeast-2 -> ap-southeast-2
806079843824873472,100447-demand-sensing-custom-model,https://gitlab.com/tyson-foods/2585-mlpe/2425-demand-sensing/100447-demand-sensing-custom-model,master,,,1,1,NAM,prod -> us-west-2
806079843824873472,2422-anaplan-service-wrapper,https://gitlab.com/tyson-foods/2422-datascience/2422-anaplan-service-wrapper,master,,1.4.0,1,1,NAM,prod -> us-west-2
806079843824873472,anaplan-wrapper,https://gitlab.com/tyson-foods/2585-mlpe/0000-project-horizon/anaplan-wrapper,main,,1.4.0,1,1,NAM,prod -> us-west-2
806079843824873472,cnq_ml_pipeline,https://gitlab.com/tyson-foods/2422-datascience/smart-factory-ml/cnq_ml_pipeline,main,,1.59.0,1,1,NAM,prod -> us-west-2
806079843824873472,demo-app,https://gitlab.com/tyson-foods/2423-emerging-tech/deb-framework/demo-site/demo-app,main,,1.33.1,1,1,NAM,prod -> us-west-2
806079843824873472,forecast-pipeline,https://gitlab.com/tyson-foods/2585-mlpe/0000-fresh-meats/forecast-pipeline,main,,1.43.0,1,1,NAM,prod -> us-west-2
806079843824873472,linqua-fill-rate-analytics,https://gitlab.com/tyson-foods/2423-emerging-tech/deb-framework/linqua-fill-rate-analytics,main,,1.33.1,1,1,NAM,prod -> us-west-2
806079843824873472,workshop-app,https://gitlab.com/tyson-foods/2423-emerging-tech/deb-framework/workshop/google-workshop/workshop-app,main,,1.59.0,1,1,NAM,prod -> us-west-2
806775375756949504,contextual-mab,https://github.com/optimizely/contextual-mab,main,8,1.59.0,1,1,NAM,bc-app2-us-east-2 -> us-east-2
806775375756949504,contextual-mab,https://github.com/optimizely/contextual-mab,main,8,1.62.0,1,1,NAM,bc-app2-us-east-2 -> us-east-2
806775375756949504,contextual-mab,https://github.com/optimizely/contextual-mab,main,8,1.64.0,1,1,NAM,bc-app2-us-east-2 -> us-east-2
806775375756949504,contextual-mab,https://github.com/optimizely/contextual-mab,main,8,1.65.0,1,1,NAM,bc-app2-us-east-2 -> us-east-2
806775375756949504,contextual-mab,https://github.com/optimizely/contextual-mab,main,8,1.66.0,1,1,NAM,bc-app2-us-east-2 -> us-east-2
806775375756949504,contextual-mab,https://github.com/optimizely/contextual-mab,main,8,1.68.0,1,1,NAM,bc-app2-us-east-2 -> us-east-2
806775375756949504,OptiCodeBot,https://github.com/optimizely/OptiCodeBot,main,7,1.61.0,1,1,NAM,bc-app2-us-east-2 -> us-east-2
806775414592010240,backstage-templates,https://gitlab.platform.mattel/ooai/backstage-templates,main,8,1.56.0,1,1,NAM,bc-app2-us-east-2 -> us-east-2
806775414592010240,cost_engineering_dialogflow,https://gitlab.platform.mattel/mattel-enterprise-bi/cost_engineering_dialogflow,main,6,1.43.0,1,1,NAM,bc-app2-us-east-2 -> us-east-2
806775414592010240,example-ray-002,https://gitlab.platform.mattel/ooai/example-ray-002,main,6,1.56.0,1,1,NAM,bc-app2-us-east-2 -> us-east-2
806775414592010240,ray-example-001,https://gitlab.platform.mattel/ooai/projects/ray-example-001,main,6,1.56.0,1,1,NAM,bc-app2-us-east-2 -> us-east-2
806775414592010240,ray-example-001,https://gitlab.platform.mattel/ooai/qa-projects/ray-example-001,main,6,1.56.0,1,1,NAM,bc-app2-us-east-2 -> us-east-2
806775414592010240,ray-example-001,https://gitlab.platform.mattel/ooai/ray-example-001,main,6,1.56.0,1,1,NAM,bc-app2-us-east-2 -> us-east-2
806775414592010240,ray-example-003,https://gitlab.platform.mattel/ooai/ray-example-003,main,6,1.56.0,1,1,NAM,bc-app2-us-east-2 -> us-east-2
806775414592010240,ray-on-vertexai,https://gitlab.platform.mattel/mattel-enterprise-bi/ray-on-vertexai,main,6,1.68.0,1,1,NAM,bc-app2-us-east-2 -> us-east-2
806775414592010240,ray-vertex-ai-templates,https://gitlab.platform.mattel/mcpp/data/ray-vertex-ai-templates,main,6,1.56.0,1,1,NAM,bc-app2-us-east-2 -> us-east-2
814922458548544512,aip-surfaceart-aesthetic-ranking-service,https://github.com/inmobi-glance/aip-surfaceart-aesthetic-ranking-service,master,7,1.67.1,1,1,NAM,bc-app2-us-east-2 -> us-east-2
814922458548544512,aip-surfaceart-aesthetic-ranking-service,https://github.com/inmobi-glance/aip-surfaceart-aesthetic-ranking-service,master,7,1.68.0,1,1,NAM,bc-app2-us-east-2 -> us-east-2
814922458548544512,cardpress-two-tower-service,https://github.com/inmobi-glance/cardpress-two-tower-service,develop,8,1.5.0,1,1,NAM,bc-app2-us-east-2 -> us-east-2
814922458548544512,centralai-alchemist-targeting-engine,https://github.com/inmobi-glance/centralai-alchemist-targeting-engine,develop,9,1.19.0,1,1,NAM,bc-app2-us-east-2 -> us-east-2
814922458548544512,centralai-axin,https://github.com/inmobi-glance/centralai-axin,develop,7,1.19.0,1,1,NAM,bc-app2-us-east-2 -> us-east-2
814922458548544512,centralai-axin-ingestion-service,https://github.com/inmobi-glance/centralai-axin-ingestion-service,develop,7,1.68.0,1,1,NAM,bc-app2-us-east-2 -> us-east-2
814922458548544512,centralai-lex-text-summarization-service,https://github.com/inmobi-glance/centralai-lex-text-summarization-service,develop,7,1.33.1,1,1,NAM,bc-app2-us-east-2 -> us-east-2
814922458548544512,centralai-lex-text-summarization-service,https://github.com/inmobi-glance/centralai-lex-text-summarization-service,develop,7,1.50.0,1,1,NAM,bc-app2-us-east-2 -> us-east-2
814922458548544512,centralai-manifold-backend,https://github.com/inmobi-glance/centralai-manifold-backend,develop,7,1.19.0,1,1,NAM,bc-app2-us-east-2 -> us-east-2
814922458548544512,centralai-streaming-fomm-service,https://github.com/inmobi-glance/centralai-streaming-fomm-service,develop,7,1.68.0,1,1,NAM,bc-app2-us-east-2 -> us-east-2
814922458548544512,collection_planner_hub_finance_l1s2_v1,https://github.com/inmobi-glance/collection_planner_hub_finance_l1s2_v1,master,8,,1,1,NAM,bc-app2-us-east-2 -> us-east-2
814922458548544512,collection_planner_hub_novo_category_v1,https://github.com/inmobi-glance/collection_planner_hub_novo_category_v1,master,9,,1,1,NAM,bc-app2-us-east-2 -> us-east-2
814922458548544512,collection_planner_hub_novo_l1s2_v1,https://github.com/inmobi-glance/collection_planner_hub_novo_l1s2_v1,master,9,,1,1,NAM,bc-app2-us-east-2 -> us-east-2
814922458548544512,collection_planner_hub_sports_l1s2_v1,https://github.com/inmobi-glance/collection_planner_hub_sports_l1s2_v1,master,9,,1,1,NAM,bc-app2-us-east-2 -> us-east-2
814922458548544512,content-kg,https://github.com/inmobi-glance/content-kg,master,7,1.47.0,1,1,NAM,bc-app2-us-east-2 -> us-east-2
814922458548544512,content-kg,https://github.com/inmobi-glance/content-kg,master,7,1.48.0,1,1,NAM,bc-app2-us-east-2 -> us-east-2
814922458548544512,content_planner_ds_all_time_top_scorers_gaming_leaderboard_lh_v1,https://github.com/inmobi-glance/content_planner_ds_all_time_top_scorers_gaming_leaderboard_lh_v1,develop,7,,1,1,NAM,bc-app2-us-east-2 -> us-east-2
814922458548544512,content_planner_ds_for_you_horoscope_lh_v1,https://github.com/inmobi-glance/content_planner_ds_for_you_horoscope_lh_v1,develop,9,,1,1,NAM,bc-app2-us-east-2 -> us-east-2
814922458548544512,content_planner_ds_games_long_feed_xl_v1,https://github.com/inmobi-glance/content_planner_ds_games_long_feed_xl_v1,develop,9,,1,1,NAM,bc-app2-us-east-2 -> us-east-2
814922458548544512,content_planner_ds_gaming_community_xxl_v1,https://github.com/inmobi-glance/content_planner_ds_gaming_community_xxl_v1,develop,7,,1,1,NAM,bc-app2-us-east-2 -> us-east-2
814922458548544512,content_planner_ds_gaming_editor_choice_xxl_v1,https://github.com/inmobi-glance/content_planner_ds_gaming_editor_choice_xxl_v1,develop,9,,1,1,NAM,bc-app2-us-east-2 -> us-east-2
814922458548544512,content_planner_ds_gaming_featured_game_xl_v1,https://github.com/inmobi-glance/content_planner_ds_gaming_featured_game_xl_v1,develop,9,,1,1,NAM,bc-app2-us-east-2 -> us-east-2
814922458548544512,content_planner_ds_gaming_hnt_partner_xxl_v1,https://github.com/inmobi-glance/content_planner_ds_gaming_hnt_partner_xxl_v1,develop,7,,1,1,NAM,bc-app2-us-east-2 -> us-east-2
814922458548544512,content_planner_ds_gaming_king_combat_xxl_v1,https://github.com/inmobi-glance/content_planner_ds_gaming_king_combat_xxl_v1,develop,7,,1,1,NAM,bc-app2-us-east-2 -> us-east-2
814922458548544512,content_planner_ds_gaming_live_stream_xxl_v1,https://github.com/inmobi-glance/content_planner_ds_gaming_live_stream_xxl_v1,develop,7,,1,1,NAM,bc-app2-us-east-2 -> us-east-2
814922458548544512,content_planner_ds_gaming_matchem_partner_xxl_v1,https://github.com/inmobi-glance/content_planner_ds_gaming_matchem_partner_xxl_v1,develop,7,,1,1,NAM,bc-app2-us-east-2 -> us-east-2
814922458548544512,content_planner_ds_gaming_new_arrival_xl_v1,https://github.com/inmobi-glance/content_planner_ds_gaming_new_arrival_xl_v1,develop,9,,1,1,NAM,bc-app2-us-east-2 -> us-east-2
814922458548544512,content_planner_ds_gaming_new_arrival_xl_v1,https://github.com/inmobi-glance/content_planner_ds_gaming_new_arrival_xl_v1,develop,9,1.64.0,1,1,NAM,bc-app2-us-east-2 -> us-east-2
814922458548544512,content_planner_ds_gaming_top_three_mxl_v1,https://github.com/inmobi-glance/content_planner_ds_gaming_top_three_mxl_v1,develop,9,,1,1,NAM,bc-app2-us-east-2 -> us-east-2
814922458548544512,content_planner_ds_glance_breaking_news_tagged_article_lh_v1,https://github.com/inmobi-glance/content_planner_ds_glance_breaking_news_tagged_article_lh_v1,master,9,,1,1,NAM,bc-app2-us-east-2 -> us-east-2
814922458548544512,content_planner_ds_headlines_xxl_v2,https://github.com/inmobi-glance/content_planner_ds_headlines_xxl_v2,master,7,,1,1,NAM,bc-app2-us-east-2 -> us-east-2
814922458548544512,content_planner_ds_instant_games_xxl_v1,https://github.com/inmobi-glance/content_planner_ds_instant_games_xxl_v1,develop,7,,1,1,NAM,bc-app2-us-east-2 -> us-east-2
814922458548544512,content_planner_ds_recently_played_gaming_games_list_md_v1,https://github.com/inmobi-glance/content_planner_ds_recently_played_gaming_games_list_md_v1,develop,7,,1,1,NAM,bc-app2-us-east-2 -> us-east-2
814922458548544512,content_planner_ds_sports_live_match,https://github.com/inmobi-glance/content_planner_ds_sports_live_match,master,7,,1,1,NAM,bc-app2-us-east-2 -> us-east-2
814922458548544512,content_planner_ds_sports_mlb_headlines_xxl_v1,https://github.com/inmobi-glance/content_planner_ds_sports_mlb_headlines_xxl_v1,master,9,,1,1,NAM,bc-app2-us-east-2 -> us-east-2
814922458548544512,content_planner_ds_sports_mlb_league_match_xxl_v1,https://github.com/inmobi-glance/content_planner_ds_sports_mlb_league_match_xxl_v1,master,9,,1,1,NAM,bc-app2-us-east-2 -> us-east-2
814922458548544512,content_planner_ds_sports_mlb_off_season_mxl_v1,https://github.com/inmobi-glance/content_planner_ds_sports_mlb_off_season_mxl_v1,master,9,,1,1,NAM,bc-app2-us-east-2 -> us-east-2
814922458548544512,content_planner_ds_sports_mlb_roundup_mxl_v1,https://github.com/inmobi-glance/content_planner_ds_sports_mlb_roundup_mxl_v1,master,9,,1,1,NAM,bc-app2-us-east-2 -> us-east-2
814922458548544512,content_planner_ds_sports_mlb_team_match_xxl_v1,https://github.com/inmobi-glance/content_planner_ds_sports_mlb_team_match_xxl_v1,master,9,,1,1,NAM,bc-app2-us-east-2 -> us-east-2
814922458548544512,content_planner_ds_sports_nba_headlines_xxl_v1,https://github.com/inmobi-glance/content_planner_ds_sports_nba_headlines_xxl_v1,develop,7,,1,1,NAM,bc-app2-us-east-2 -> us-east-2
814922458548544512,content_planner_ds_sports_nba_league_match_xxl_v1,https://github.com/inmobi-glance/content_planner_ds_sports_nba_league_match_xxl_v1,develop,7,,1,1,NAM,bc-app2-us-east-2 -> us-east-2
814922458548544512,content_planner_ds_sports_nba_off_season_mxl_v1,https://github.com/inmobi-glance/content_planner_ds_sports_nba_off_season_mxl_v1,develop,7,,1,1,NAM,bc-app2-us-east-2 -> us-east-2
814922458548544512,content_planner_ds_sports_nba_roundup_mxl_v1,https://github.com/inmobi-glance/content_planner_ds_sports_nba_roundup_mxl_v1,develop,7,,1,1,NAM,bc-app2-us-east-2 -> us-east-2
814922458548544512,content_planner_ds_sports_nba_team_match_xxl_v1,https://github.com/inmobi-glance/content_planner_ds_sports_nba_team_match_xxl_v1,develop,7,,1,1,NAM,bc-app2-us-east-2 -> us-east-2
814922458548544512,content_planner_ds_sports_nfl_headlines_xxv_v1,https://github.com/inmobi-glance/content_planner_ds_sports_nfl_headlines_xxv_v1,develop,7,,1,1,NAM,bc-app2-us-east-2 -> us-east-2
814922458548544512,content_planner_ds_sports_nfl_off_season_mxl_v1,https://github.com/inmobi-glance/content_planner_ds_sports_nfl_off_season_mxl_v1,develop,7,,1,1,NAM,bc-app2-us-east-2 -> us-east-2
814922458548544512,content_planner_ds_sports_nfl_roundup_mxl_v1,https://github.com/inmobi-glance/content_planner_ds_sports_nfl_roundup_mxl_v1,develop,7,,1,1,NAM,bc-app2-us-east-2 -> us-east-2
814922458548544512,content_planner_ds_sports_nfl_team_match_xxl_v1,https://github.com/inmobi-glance/content_planner_ds_sports_nfl_team_match_xxl_v1,develop,7,,1,1,NAM,bc-app2-us-east-2 -> us-east-2
814922458548544512,content_planner_ds_sports_nhl_headlines_xxl_v1,https://github.com/inmobi-glance/content_planner_ds_sports_nhl_headlines_xxl_v1,develop,7,,1,1,NAM,bc-app2-us-east-2 -> us-east-2
814922458548544512,content_planner_ds_sports_nhl_league_match_xxl_v1,https://github.com/inmobi-glance/content_planner_ds_sports_nhl_league_match_xxl_v1,develop,7,,1,1,NAM,bc-app2-us-east-2 -> us-east-2
814922458548544512,content_planner_ds_sports_nhl_off_season_mxl_v1,https://github.com/inmobi-glance/content_planner_ds_sports_nhl_off_season_mxl_v1,develop,7,,1,1,NAM,bc-app2-us-east-2 -> us-east-2
814922458548544512,content_planner_ds_sports_nhl_roundup_mxl_v1,https://github.com/inmobi-glance/content_planner_ds_sports_nhl_roundup_mxl_v1,develop,7,,1,1,NAM,bc-app2-us-east-2 -> us-east-2
814922458548544512,content_planner_ds_sports_nhl_team_match_xxl_v1,https://github.com/inmobi-glance/content_planner_ds_sports_nhl_team_match_xxl_v1,develop,7,,1,1,NAM,bc-app2-us-east-2 -> us-east-2
814922458548544512,content_planner_ds_sports_past_match,https://github.com/inmobi-glance/content_planner_ds_sports_past_match,master,7,,1,1,NAM,bc-app2-us-east-2 -> us-east-2
814922458548544512,content_planner_ds_sports_upcoming_match,https://github.com/inmobi-glance/content_planner_ds_sports_upcoming_match,master,7,,1,1,NAM,bc-app2-us-east-2 -> us-east-2
814922458548544512,content_planner_ds_top_instant_gaming_game_xl_v1,https://github.com/inmobi-glance/content_planner_ds_top_instant_gaming_game_xl_v1,develop,9,,1,1,NAM,bc-app2-us-east-2 -> us-east-2
814922458548544512,content_planner_ds_trendz_news_one_weather_xxl_v1,https://github.com/inmobi-glance/content_planner_ds_trendz_news_one_weather_xxl_v1,master,8,,1,1,NAM,bc-app2-us-east-2 -> us-east-2
814922458548544512,content_planner_ds_trendz_roundup_mxl_v1,https://github.com/inmobi-glance/content_planner_ds_trendz_roundup_mxl_v1,master,9,,1,1,NAM,bc-app2-us-east-2 -> us-east-2
814922458548544512,content_planner_ds_trendz_top_story_categorized_lv_xxl_v1,https://github.com/inmobi-glance/content_planner_ds_trendz_top_story_categorized_lv_xxl_v1,master,9,,1,1,NAM,bc-app2-us-east-2 -> us-east-2
814922458548544512,content_planner_sports_nfl_league_match_xxl_v1,https://github.com/inmobi-glance/content_planner_sports_nfl_league_match_xxl_v1,develop,7,,1,1,NAM,bc-app2-us-east-2 -> us-east-2
814922458548544512,daily-deal-l,https://github.com/inmobi-glance/daily-deal-l,develop,7,,1,1,NAM,bc-app2-us-east-2 -> us-east-2
814922458548544512,delete-me,https://github.com/inmobi-glance/delete-me,develop,7,,1,1,NAM,bc-app2-us-east-2 -> us-east-2
814922458548544512,ds-aai-automated-product-tag-service,https://github.com/inmobi-glance/ds-aai-automated-product-tag-service,master,7,1.68.0,1,1,NAM,bc-app2-us-east-2 -> us-east-2
814922458548544512,ds-aai-embeddings-service,https://github.com/inmobi-glance/ds-aai-embeddings-service,develop,7,1.29.0,1,1,NAM,bc-app2-us-east-2 -> us-east-2
814922458548544512,ds-aai-embeddings-service,https://github.com/inmobi-glance/ds-aai-embeddings-service,develop,7,1.42.1,1,1,NAM,bc-app2-us-east-2 -> us-east-2
814922458548544512,ds-aai-embeddings-service,https://github.com/inmobi-glance/ds-aai-embeddings-service,develop,7,1.47.0,1,1,NAM,bc-app2-us-east-2 -> us-east-2
814922458548544512,ds-aai-embeddings-service,https://github.com/inmobi-glance/ds-aai-embeddings-service,develop,7,1.48.0,1,1,NAM,bc-app2-us-east-2 -> us-east-2
814922458548544512,entertainment-spaces-articles-headlines-xxl-v1,https://github.com/inmobi-glance/entertainment-spaces-articles-headlines-xxl-v1,develop,7,,1,1,NAM,bc-app2-us-east-2 -> us-east-2
814922458548544512,entertainment-spaces-buzz-hot-topic-xl-v1,https://github.com/inmobi-glance/entertainment-spaces-buzz-hot-topic-xl-v1,develop,7,,1,1,NAM,bc-app2-us-east-2 -> us-east-2
814922458548544512,entertainment-spaces-buzz-trends-xxl-v1,https://github.com/inmobi-glance/entertainment-spaces-buzz-trends-xxl-v1,develop,7,,1,1,NAM,bc-app2-us-east-2 -> us-east-2
814922458548544512,extract_pulse,https://github.com/inmobi-glance/extract_pulse,master,8,1.48.0,1,1,NAM,bc-app2-us-east-2 -> us-east-2
814922458548544512,gcp-monitoring-utils,https://github.com/inmobi-glance/gcp-monitoring-utils,develop,8,1.10.0,1,1,NAM,bc-app2-us-east-2 -> us-east-2
814922458548544512,genai-wallpaper-avatar-service,https://github.com/inmobi-glance/genai-wallpaper-avatar-service,develop,8,1.51.0,1,1,NAM,bc-app2-us-east-2 -> us-east-2
814922458548544512,genai-wallpaper-avatar-service,https://github.com/inmobi-glance/genai-wallpaper-avatar-service,develop,8,1.52.0,1,1,NAM,bc-app2-us-east-2 -> us-east-2
814922458548544512,genai-wallpaper-avatar-service,https://github.com/inmobi-glance/genai-wallpaper-avatar-service,develop,8,1.53.0,1,1,NAM,bc-app2-us-east-2 -> us-east-2
814922458548544512,genai-wallpaper-avatar-service,https://github.com/inmobi-glance/genai-wallpaper-avatar-service,develop,8,1.54.0,1,1,NAM,bc-app2-us-east-2 -> us-east-2
814922458548544512,genai-wallpaper-avatar-service,https://github.com/inmobi-glance/genai-wallpaper-avatar-service,develop,8,1.68.0,1,1,NAM,bc-app2-us-east-2 -> us-east-2
814922458548544512,glanceai-mktg-gradio-imagegen,https://github.com/inmobi-glance/glanceai-mktg-gradio-imagegen,develop,8,1.68.0,1,1,NAM,bc-app2-us-east-2 -> us-east-2
814922458548544512,glance-annotation-service,https://github.com/inmobi-glance/glance-annotation-service,develop,8,1.21.0,1,1,NAM,bc-app2-us-east-2 -> us-east-2
814922458548544512,glance-centralai-bifrost,https://github.com/inmobi-glance/glance-centralai-bifrost,develop,8,1.68.0,1,1,NAM,bc-app2-us-east-2 -> us-east-2
814922458548544512,glance-centralai-celestia,https://github.com/inmobi-glance/glance-centralai-celestia,develop,8,1.35.0,1,1,NAM,bc-app2-us-east-2 -> us-east-2
814922458548544512,glance-centralai-celestia,https://github.com/inmobi-glance/glance-centralai-celestia,develop,8,1.68.0,1,1,NAM,bc-app2-us-east-2 -> us-east-2
814922458548544512,glancefeed-reco-mi-gbm-ps,https://github.com/inmobi-glance/glancefeed-reco-mi-gbm-ps,develop,7,1.6.0,1,1,NAM,bc-app2-us-east-2 -> us-east-2
814922458548544512,glancefeed-reco-spaces-zappcontent-personalization,https://github.com/inmobi-glance/glancefeed-reco-spaces-zappcontent-personalization,master,9,,1,1,NAM,bc-app2-us-east-2 -> us-east-2
814922458548544512,glancefeed-reco-spaces-zappcontent-personalization,https://github.com/inmobi-glance/glancefeed-reco-spaces-zappcontent-personalization,master,9,1.27.1,1,1,NAM,bc-app2-us-east-2 -> us-east-2
814922458548544512,glancefeed-spaces-lplus-planner-pipeline,https://github.com/inmobi-glance/glancefeed-spaces-lplus-planner-pipeline,develop,7,,1,1,NAM,bc-app2-us-east-2 -> us-east-2
814922458548544512,glance-pipeline-horcruxes,https://github.com/inmobi-glance/glance-pipeline-horcruxes,develop,8,,1,1,NAM,bc-app2-us-east-2 -> us-east-2
814922458548544512,gtv-model-serving,https://github.com/inmobi-glance/gtv-model-serving,develop,8,1.60.0,1,1,NAM,bc-app2-us-east-2 -> us-east-2
814922458548544512,gtv-model-serving,https://github.com/inmobi-glance/gtv-model-serving,develop,8,1.65.0,1,1,NAM,bc-app2-us-east-2 -> us-east-2
814922458548544512,gtv-model-serving,https://github.com/inmobi-glance/gtv-model-serving,develop,8,1.66.0,1,1,NAM,bc-app2-us-east-2 -> us-east-2
814922458548544512,gtv-model-serving,https://github.com/inmobi-glance/gtv-model-serving,develop,8,1.68.0,1,1,NAM,bc-app2-us-east-2 -> us-east-2
814922458548544512,home-magazine-cover-v1,https://github.com/inmobi-glance/home-magazine-cover-v1,develop,8,,1,1,NAM,bc-app2-us-east-2 -> us-east-2
814922458548544512,hummingbird,https://github.com/inmobi-glance/hummingbird,master,9,1.43.0,1,1,NAM,bc-app2-us-east-2 -> us-east-2
814922458548544512,image-selection-gradio,https://github.com/inmobi-glance/image-selection-gradio,develop,7,1.5.0,1,1,NAM,bc-app2-us-east-2 -> us-east-2
814922458548544512,live-buzz-serving,https://github.com/inmobi-glance/live-buzz-serving,develop,7,1.21.0,1,1,NAM,bc-app2-us-east-2 -> us-east-2
814922458548544512,product-clustering-poc,https://github.com/inmobi-glance/product-clustering-poc,master,7,1.65.0,1,1,NAM,bc-app2-us-east-2 -> us-east-2
814922458548544512,product-segmentation-for-tagging,https://github.com/inmobi-glance/product-segmentation-for-tagging,master,7,1.52.0,1,1,NAM,bc-app2-us-east-2 -> us-east-2
814922458548544512,reference-generator,https://github.com/inmobi-glance/reference-generator,master,8,1.64.0,1,1,NAM,bc-app2-us-east-2 -> us-east-2
814922458548544512,reference-generator,https://github.com/inmobi-glance/reference-generator,master,8,1.66.0,1,1,NAM,bc-app2-us-east-2 -> us-east-2
814922458548544512,reference-generator,https://github.com/inmobi-glance/reference-generator,master,8,1.67.0,1,1,NAM,bc-app2-us-east-2 -> us-east-2
814922458548544512,reference-generator,https://github.com/inmobi-glance/reference-generator,master,8,1.67.1,1,1,NAM,bc-app2-us-east-2 -> us-east-2
814922458548544512,reference-generator,https://github.com/inmobi-glance/reference-generator,master,8,1.68.0,1,1,NAM,bc-app2-us-east-2 -> us-east-2
814922458548544512,roposo-buzz-personalization,https://github.com/inmobi-glance/roposo-buzz-personalization,develop,7,1.21.0,1,1,NAM,bc-app2-us-east-2 -> us-east-2
814922458548544512,roposods-creation-experiment-components,https://github.com/inmobi-glance/roposods-creation-experiment-components,master,7,1.52.0,1,1,NAM,bc-app2-us-east-2 -> us-east-2
814922458548544512,roposo_ds_live_explore_reco,https://github.com/inmobi-glance/roposo_ds_live_explore_reco,develop,7,1.21.0,1,1,NAM,bc-app2-us-east-2 -> us-east-2
814922458548544512,roposods-moodboard-experiments,https://github.com/inmobi-glance/roposods-moodboard-experiments,master,7,1.52.0,1,1,NAM,bc-app2-us-east-2 -> us-east-2
814922458548544512,roposo-trend-curator,https://github.com/inmobi-glance/roposo-trend-curator,develop,7,1.54.1,1,1,NAM,bc-app2-us-east-2 -> us-east-2
814922458548544512,shop101-gif-gradio,https://github.com/inmobi-glance/shop101-gif-gradio,develop,7,1.5.0,1,1,NAM,bc-app2-us-east-2 -> us-east-2
814922458548544512,shop101-gradio-image-enhancement-tool,https://github.com/inmobi-glance/shop101-gradio-image-enhancement-tool,develop,7,1.5.0,1,1,NAM,bc-app2-us-east-2 -> us-east-2
814922458548544512,shop101-image-quality-enhancement,https://github.com/inmobi-glance/shop101-image-quality-enhancement,master,7,1.5.0,1,1,NAM,bc-app2-us-east-2 -> us-east-2
814922458548544512,shop-daily-deal-lg-v1,https://github.com/inmobi-glance/shop-daily-deal-lg-v1,master,9,,1,1,NAM,bc-app2-us-east-2 -> us-east-2
814922458548544512,shop-daily-deal-lg-V1,https://github.com/inmobi-glance/shop-daily-deal-lg-V1,develop,,,1,1,NAM,bc-app2-us-east-2 -> us-east-2
814922458548544512,shop-product-collection-lg-v1,https://github.com/inmobi-glance/shop-product-collection-lg-v1,master,9,,1,1,NAM,bc-app2-us-east-2 -> us-east-2
814922458548544512,shop-trend-tile-xl-v1,https://github.com/inmobi-glance/shop-trend-tile-xl-v1,master,9,,1,1,NAM,bc-app2-us-east-2 -> us-east-2
814922458548544512,shop-trend-today-ls-v1,https://github.com/inmobi-glance/shop-trend-today-ls-v1,develop,7,,1,1,NAM,bc-app2-us-east-2 -> us-east-2
814922458548544512,shop-trend-today-xxl-v1,https://github.com/inmobi-glance/shop-trend-today-xxl-v1,master,7,,1,1,NAM,bc-app2-us-east-2 -> us-east-2
814922458548544512,tv-screen-saver-ds,https://github.com/inmobi-glance/tv-screen-saver-ds,master,8,1.28.1,1,1,NAM,bc-app2-us-east-2 -> us-east-2
824702546131424256,ITSKS-VERTEX-SEARCH-FUNC-APP,https://dev.azure.com/Operations-and-Corporate/ITSKS-ENTERPRISE-SEARCH/_git/ITSKS-VERTEX-SEARCH-FUNC-APP,main,,1.35.0,1,1,NAM,bc-app2-us-east-2 -> us-east-2
824702546131424256,ITSKS-VERTEX-SEARCH-FUNC-APP,https://dev.azure.com/Operations-and-Corporate/ITSKS-ENTERPRISE-SEARCH/_git/ITSKS-VERTEX-SEARCH-FUNC-APP,main,,1.46.0,1,1,NAM,bc-app2-us-east-2 -> us-east-2
824702546131424256,ITSKS_WBOPENAI_PY_API,https://dev.azure.com/Operations-and-Corporate/ITSKS-WBOPENAI/_git/ITSKS_WBOPENAI_PY_API,main,,1.48.0,1,1,NAM,bc-app2-us-east-2 -> us-east-2
846663649698694144,SISANAVAN-aides,https://github.com/BancoBice/SISANAVAN-aides,main,8,1.38.1,1,1,NAM,bc-app2-us-east-2 -> us-east-2
846663649698694144,UX-sitio-ia-interna,https://github.com/BancoBice/UX-sitio-ia-interna,main,8,1.31.1,1,1,NAM,bc-app2-us-east-2 -> us-east-2
911076431617326080,aiops,https://bitbucket.org/miktechnology/aiops,develop,5,1.13.0,1,1,NAM,bc-app2-us-east-2 -> us-east-2
